Wine ,Chips,Bread,Butter,Milk ,Apple
Wine ,Chips,Bread,Butter,Milk ,Apple
Wine ,Chips,Bread,Butter,Milk ,
Wine ,Chips,,Butter,Milk ,
Wine ,,Bread,,,Apple
,,,Butter,Milk ,
,Chips,Bread,,,Apple
Wine ,Chips,,Butter,Milk ,
Wine ,,Bread,,,Apple
Wine ,,Bread,,Milk ,
,Chips,Bread,Butter,,Apple
Wine ,,,Butter,Milk ,Apple
Wine ,Chips,Bread,Butter,Milk ,
Wine ,,Bread,,Milk ,Apple
Wine ,,Bread,Butter,Milk ,Apple
Wine ,Chips,Bread,Butter,Milk ,Apple
,Chips,Bread,Butter,Milk ,Apple
,Chips,,Butter,Milk ,Apple
Wine ,Chips,Bread,Butter,Milk ,Apple
Wine ,,Bread,Butter,Milk ,Apple
Wine ,Chips,Bread,,Milk ,Apple
,Chips,,,,
